CREATE DATABASE  IF NOT EXISTS `iscream` /*!40100 DEFAULT CHARACTER SET utf8mb4 COLLATE utf8mb4_0900_ai_ci */ /*!80016 DEFAULT ENCRYPTION='N' */;
USE `iscream`;
-- MySQL dump 10.13  Distrib 8.0.46, for macos15 (arm64)
--
-- Host: localhost    Database: iscream
-- ------------------------------------------------------
-- Server version	9.6.0

/*!40101 SET @OLD_CHARACTER_SET_CLIENT=@@CHARACTER_SET_CLIENT */;
/*!40101 SET @OLD_CHARACTER_SET_RESULTS=@@CHARACTER_SET_RESULTS */;
/*!40101 SET @OLD_COLLATION_CONNECTION=@@COLLATION_CONNECTION */;
/*!50503 SET NAMES utf8 */;
/*!40103 SET @OLD_TIME_ZONE=@@TIME_ZONE */;
/*!40103 SET TIME_ZONE='+00:00' */;
/*!40014 SET @OLD_UNIQUE_CHECKS=@@UNIQUE_CHECKS, UNIQUE_CHECKS=0 */;
/*!40014 SET @OLD_FOREIGN_KEY_CHECKS=@@FOREIGN_KEY_CHECKS, FOREIGN_KEY_CHECKS=0 */;
/*!40101 SET @OLD_SQL_MODE=@@SQL_MODE, SQL_MODE='NO_AUTO_VALUE_ON_ZERO' */;
/*!40111 SET @OLD_SQL_NOTES=@@SQL_NOTES, SQL_NOTES=0 */;
SET @MYSQLDUMP_TEMP_LOG_BIN = @@SESSION.SQL_LOG_BIN;
SET @@SESSION.SQL_LOG_BIN= 0;

--
-- GTID state at the beginning of the backup 
--

SET @@GLOBAL.GTID_PURGED=/*!80000 '+'*/ 'beeb6fc0-5feb-11f1-b164-978f056c0e01:1-140';

--
-- Table structure for table `categories`
--

DROP TABLE IF EXISTS `categories`;
/*!40101 SET @saved_cs_client     = @@character_set_client */;
/*!50503 SET character_set_client = utf8mb4 */;
CREATE TABLE `categories` (
  `id` bigint unsigned NOT NULL AUTO_INCREMENT,
  `name` varchar(100) NOT NULL,
  `marketing_description` text NOT NULL,
  `short_description` varchar(255) NOT NULL,
  `category_type` enum('theme','product_type') NOT NULL DEFAULT 'product_type' COMMENT 'select the category type between product_type (e.g. popsicle, ice cream, milkshakes) or theme (exorcism, ghosts)',
  PRIMARY KEY (`id`)
) ENGINE=InnoDB AUTO_INCREMENT=41 DEFAULT CHARSET=utf8mb4 COLLATE=utf8mb4_0900_ai_ci COMMENT='The website will have 2 navigation journeys, 1 by product type and 1 by theme';
/*!40101 SET character_set_client = @saved_cs_client */;

--
-- Dumping data for table `categories`
--

LOCK TABLES `categories` WRITE;
/*!40000 ALTER TABLE `categories` DISABLE KEYS */;
INSERT INTO `categories` VALUES (1,'Zombie','Creazioni ispirate ai non-morti: colori verdi malsani, sapori marcescenti e dolcemente putrefatti. Ogni morso è un ritorno dalla tomba. Perfetti per chi non si accontenta di sapori ordinari e vuole qualcosa di... decompostamente buono.','Gusti putrefatti e disgustosamente irresistibili','theme'),(2,'Fantasmi','Gelati eterei e pallidi come apparizioni notturne. Gusti lattiginosi, vaporosi, che si sciolgono in bocca lasciando solo un brivido freddo. Li vedi, li assaggi... e poi spariscono.','Gusti evanescenti che appaiono e scompaiono','theme'),(3,'Serial Killer','Per i palati più spietati. Gusti decisi, taglienti, senza pietà. Ogni cucchiaio è un colpo secco di sapore intenso da cui non si torna indietro. Non dire che non ti avevamo avvisato.','Gusti intensi e spietati, senza via di scampo','theme'),(4,'Super Cattivi','Ispirati ai villain più iconici della storia. Grandiosi, sopra le righe, con un tocco di malvagità raffinata. Perché essere buoni è sopravvalutato, soprattutto quando si parla di gelato.','Gusti malvagi e iconici per veri antagonisti','theme'),(5,'Vampiri','Rossi come il sangue, dolci come la seduzione. Gusti intensi a base di frutti scuri, melograno e ciliegia nera. Ogni assaggio è un morso nel collo... ma in versione dessert.','Gusti rosso sangue, seducenti e irresistibili','theme'),(6,'Coni','Una cialda croccante e maledetta che racchiude il gelato più oscuro che tu abbia mai osato assaggiare. Ogni morso è un patto col diavolo: una volta cominciato, non puoi smettere. Scegli il tuo lato oscuro e addentalo senza rimorsi.','Cialda croccante e maledetta per i più coraggiosi','product_type'),(7,'Coppette','Il terrore servito con eleganza, cucchiaino dopo cucchiaino. Nelle nostre coppette il male si assapora lentamente, in tutta la sua oscura perfezione. Per chi vuole vivere l esperienza horror fino all ultimo boccone.','Il terrore servito con eleganza, cucchiaino dopo cucchiaino','product_type'),(8,'Granite','Fredde come la morte, granulari come la terra smossa a mezzanotte. Le nostre granite nascondono un anima oscura sotto una superficie innocente. Un brivido gelato che sale lungo la schiena ad ogni sorso.','Fredde come la morte, oscure come la mezzanotte','product_type'),(9,'Gusti Speciali','Creazioni nate nelle ore più buie, pensate per chi non si accontenta dell ordinario. Ingredienti insoliti, combinazioni proibite e sapori che nessun essere umano dovrebbe conoscere. Hai il coraggio di assaggiarli?','Combinazioni proibite per palati senza paura','product_type'),(10,'Limited Edition','Appaiono senza preavviso e spariscono nell oscurità prima che tu possa rendertene conto. Questi gusti maledetti sono disponibili per un tempo limitato, come ogni cosa preziosa e pericolosa. Non aspettare troppo... o sarà troppo tardi.','Gusti maledetti disponibili prima che sia troppo tardi','product_type');
/*!40000 ALTER TABLE `categories` ENABLE KEYS */;
UNLOCK TABLES;

--
-- Table structure for table `category_product`
--

DROP TABLE IF EXISTS `category_product`;
/*!40101 SET @saved_cs_client     = @@character_set_client */;
/*!50503 SET character_set_client = utf8mb4 */;
CREATE TABLE `category_product` (
  `id` bigint unsigned NOT NULL AUTO_INCREMENT,
  `category_id` bigint unsigned NOT NULL,
  `product_id` bigint unsigned NOT NULL,
  PRIMARY KEY (`id`),
  KEY `category_product_category_id_product_id_index` (`category_id`,`product_id`),
  KEY `category_product_product_id_foreign` (`product_id`),
  CONSTRAINT `category_product_category_id_foreign` FOREIGN KEY (`category_id`) REFERENCES `categories` (`id`) ON DELETE CASCADE,
  CONSTRAINT `category_product_product_id_foreign` FOREIGN KEY (`product_id`) REFERENCES `products` (`id`) ON DELETE CASCADE
) ENGINE=InnoDB AUTO_INCREMENT=54 DEFAULT CHARSET=utf8mb4 COLLATE=utf8mb4_0900_ai_ci;
/*!40101 SET character_set_client = @saved_cs_client */;

--
-- Dumping data for table `category_product`
--

LOCK TABLES `category_product` WRITE;
/*!40000 ALTER TABLE `category_product` DISABLE KEYS */;
INSERT INTO `category_product` VALUES (1,1,1),(3,1,2),(5,1,3),(7,1,4),(9,1,5),(12,2,6),(14,2,7),(16,2,8),(18,2,9),(20,2,10),(23,3,11),(25,3,12),(27,3,13),(29,3,14),(31,3,15),(34,4,16),(36,4,17),(38,4,18),(40,4,19),(42,4,20),(44,5,21),(46,5,22),(48,5,23),(50,5,24),(52,5,25),(8,6,4),(13,6,6),(28,6,13),(37,6,17),(43,6,20),(45,6,21),(4,7,2),(15,7,7),(26,7,12),(35,7,16),(47,7,22),(6,8,3),(17,8,8),(24,8,11),(49,8,23),(2,9,1),(10,9,5),(19,9,9),(21,9,10),(30,9,14),(32,9,15),(39,9,18),(41,9,19),(51,9,24),(53,9,25),(11,10,5),(22,10,10),(33,10,15);
/*!40000 ALTER TABLE `category_product` ENABLE KEYS */;
UNLOCK TABLES;

--
-- Table structure for table `products`
--

DROP TABLE IF EXISTS `products`;
/*!40101 SET @saved_cs_client     = @@character_set_client */;
/*!50503 SET character_set_client = utf8mb4 */;
CREATE TABLE `products` (
  `id` bigint unsigned NOT NULL AUTO_INCREMENT,
  `name` varchar(150) NOT NULL,
  `short_description` varchar(255) NOT NULL,
  `marketing_description` text NOT NULL,
  `price` decimal(4,2) NOT NULL,
  `ingredients` text NOT NULL,
  `allergens` text NOT NULL,
  `availability` tinyint(1) NOT NULL,
  `image_url` varchar(255) NOT NULL,
  `created_at` timestamp NOT NULL,
  `updated_at` timestamp NOT NULL ON UPDATE CURRENT_TIMESTAMP,
  PRIMARY KEY (`id`)
) ENGINE=InnoDB AUTO_INCREMENT=26 DEFAULT CHARSET=utf8mb4 COLLATE=utf8mb4_0900_ai_ci;
/*!40101 SET character_set_client = @saved_cs_client */;

--
-- Dumping data for table `products`
--

LOCK TABLES `products` WRITE;
/*!40000 ALTER TABLE `products` DISABLE KEYS */;
INSERT INTO `products` VALUES (1,'Cervello Marcio','Pistacchio e menta con colatura verde','Un gelato dal colore verdastro e inquietante, ispirato ai cervelli dei non-morti. Il pistacchio si mescola alla menta in un connubio disgustosamente irresistibile. Ogni morso è un ritorno dalla tomba.',3.50,'Latte, panna, zucchero, pistacchio, menta, colorante verde naturale','Latte, frutta a guscio',1,'https://example.com/cervello-marcio.jpg','2026-06-10 15:06:43','2026-06-10 15:06:43'),(2,'Putrefazione al Cioccolato','Cioccolato fondente con pezzi di biscotto al carbone','Scuro come una tomba aperta, intenso come l odore della terra smossa. Il cioccolato fondente incontra il biscotto al carbone vegetale per un risultato oscuro e irresistibile.',3.00,'Latte, panna, zucchero, cacao 70%, biscotto al carbone vegetale','Latte, glutine',1,'https://example.com/putrefazione-cioccolato.jpg','2026-06-10 15:06:43','2026-06-10 15:06:43'),(3,'Marcia Zombie','Anguria e lime con semi di chia neri','Fresco come una notte nei cimiteri, verde e rosso come i colori dei non-morti. L anguria incontra il lime in una granita che lascia i segni... di un morso.',2.50,'Acqua, zucchero, anguria, lime, semi di chia','Nessuno',1,'https://example.com/marcia-zombie.jpg','2026-06-10 15:06:43','2026-06-10 15:06:43'),(4,'Contagio Verde','Mela verde e zenzero con glassa fosforescente','Il virus del gusto che si diffonde morso dopo morso. La mela verde e lo zenzero creano un esplosione acida e pungente avvolta in una glassa verde fosforescente. Attento al contagio.',3.50,'Latte, panna, zucchero, mela verde, zenzero, colorante verde naturale','Latte',1,'https://example.com/contagio-verde.jpg','2026-06-10 15:06:43','2026-06-10 15:06:43'),(5,'Resurrezione','Frutti di bosco neri con ripieno cremoso alla vaniglia','Nato dalle ceneri del gusto ordinario, il Resurrezione esplode in un contrasto oscuro tra frutti di bosco neri e un cuore cremoso di vaniglia. Come tornare in vita, un morso alla volta.',4.50,'Latte, panna, zucchero, frutti di bosco, vaniglia bourbon','Latte',1,'https://example.com/resurrezione.jpg','2026-06-10 15:06:43','2026-06-10 15:06:43'),(6,'Apparizione','Cocco e lychee con glassa bianca lattiginosa','Bianco come un lenzuolo, leggero come un soffio d aria. Il cocco e il lychee si fondono in un gusto etereo che svanisce in bocca lasciando solo un brivido. Lo hai davvero assaggiato?',3.00,'Latte, panna, zucchero, cocco, lychee','Latte',1,'https://example.com/apparizione.jpg','2026-06-10 15:06:43','2026-06-10 15:06:43'),(7,'Spirito Pallido','Yogurt bianco e mandorla con polvere di vaniglia','Pallido e silenzioso come un fantasma che abita corridoi dimenticati. Lo yogurt bianco e la mandorla creano un gusto delicato che aleggia sul palato senza mai farsi davvero afferrare.',2.50,'Latte, yogurt, zucchero, mandorla, vaniglia','Latte, frutta a guscio',1,'https://example.com/spirito-pallido.jpg','2026-06-10 15:06:43','2026-06-10 15:06:43'),(8,'Nebbia di Mezzanotte','Limone bianco e fiori di sambuco','Una granita che sale dalla nebbia come un apparizione. Il limone bianco e i fiori di sambuco creano un gusto floreale e misterioso che avvolge i sensi e poi svanisce, lasciando solo un brivido.',2.50,'Acqua, zucchero, limone bianco, fiori di sambuco','Nessuno',1,'https://example.com/nebbia-mezzanotte.jpg','2026-06-10 15:06:43','2026-06-10 15:06:43'),(9,'Ectoplasma','Melone bianco e menta con colatura lattiginosa','Viscoso, misterioso, inspiegabilmente buono. L ectoplasma in versione gelato è un tripudio di melone bianco e menta avvolto in una colatura lattiginosa che cola lentamente come... meglio non sapere cosa.',3.50,'Latte, panna, zucchero, melone bianco, menta','Latte',1,'https://example.com/ectoplasma.jpg','2026-06-10 15:06:43','2026-06-10 15:06:43'),(10,'Ultimo Respiro','Pesca bianca e rosmarino con cuore gelato','Delicato come un sospiro, fugace come un ultima parola. La pesca bianca e il rosmarino si incontrano in un abbraccio aromatico e malinconico. Assaggialo prima che sparisca... per sempre.',4.00,'Latte, panna, zucchero, pesca bianca, rosmarino','Latte',1,'https://example.com/ultimo-respiro.jpg','2026-06-10 15:06:43','2026-06-10 15:06:43'),(11,'Lama Affilata','Lime e zenzero, un gusto che non perdona','Tagliente come un coltello, preciso come un colpo secco. Il lime e lo zenzero creano un esplosione acida e pungente che non lascia scampo al palato. Un gusto che colpisce senza preavviso.',3.00,'Acqua, zucchero, lime, zenzero, pepe nero','Nessuno',1,'https://example.com/lama-affilata.jpg','2026-06-10 15:06:43','2026-06-10 15:06:43'),(12,'Premeditazione','Caffè espresso e cardamomo con scaglie di cioccolato nero','Ogni dettaglio è stato pianificato. Il caffè espresso e il cardamomo si combinano con freddezza e precisione, lasciando sul palato un impronta indelebile. Non ci sono testimoni, solo sapore.',3.50,'Latte, panna, zucchero, caffè espresso, cardamomo, cioccolato fondente 80%','Latte',1,'https://example.com/premeditazione.jpg','2026-06-10 15:06:43','2026-06-10 15:06:43'),(13,'Firma del Killer','Ciliegia nera e pepe rosa con striatura rossa','Ogni grande killer lascia la sua firma. La ciliegia nera e il pepe rosa lasciano sul palato un segno inconfondibile: dolce, piccante, pericoloso. Riconosci il gusto... se ci riesci.',3.50,'Latte, panna, zucchero, ciliegia nera, pepe rosa','Latte',1,'https://example.com/firma-killer.jpg','2026-06-10 15:06:43','2026-06-10 15:06:43'),(14,'Movente Oscuro','Cioccolato nero e sale marino con caramello bruciato','Dietro ogni grande crimine si nasconde un movente. Dietro questo gelato si nasconde un equilibrio perfetto tra il cioccolato nero, il sale marino e il caramello bruciato. Scoprilo a tuo rischio.',4.00,'Latte, panna, zucchero, cacao 85%, sale marino, caramello','Latte',1,'https://example.com/movente-oscuro.jpg','2026-06-10 15:06:43','2026-06-10 15:06:43'),(15,'Senza Tracce','Vaniglia nera e carbone con glassa invisibile','Non lascia prove, non lascia tracce. Solo un ricordo indelebile sul palato. La vaniglia nera e il carbone vegetale creano un gusto misterioso che scompare prima che tu possa descriverlo. Il crimine perfetto.',4.50,'Latte, panna, zucchero, vaniglia nera, carbone vegetale','Latte',1,'https://example.com/senza-tracce.jpg','2026-06-10 15:06:43','2026-06-10 15:06:43'),(16,'Piano di Dominazione','Nocciola e oro alimentare con scaglie croccanti','Ogni villain ha un piano. Il nostro prevede nocciola tostata, oro alimentare e scaglie croccanti di cioccolato. Grandioso, elaborato, irresistibile. Esattamente come ogni piano di dominazione mondiale che si rispetti.',4.00,'Latte, panna, zucchero, nocciola tostata, oro alimentare, cioccolato','Latte, frutta a guscio',1,'https://example.com/piano-dominazione.jpg','2026-06-10 15:06:43','2026-06-10 15:06:43'),(17,'Risata Malvagia','Passion fruit e peperoncino con colatura viola','HAHAHAHA! Un gusto sopra le righe, eccessivo, esagerato. Il passion fruit e il peperoncino creano un contrasto esplosivo che ti strapperà una risata... o una lacrima. Forse entrambe.',3.50,'Latte, panna, zucchero, passion fruit, peperoncino','Latte',1,'https://example.com/risata-malvagia.jpg','2026-06-10 15:06:43','2026-06-10 15:06:43'),(18,'Tana Segreta','Mandorla affumicata e miele nero con cuore nascosto','Ogni super cattivo ha la sua tana segreta. La nostra è fatta di mandorla affumicata e miele nero, con un cuore nascosto al cioccolato fondente che si rivela solo all ultimo morso. Lo trovavi?',4.00,'Latte, panna, zucchero, mandorla affumicata, miele nero, cioccolato fondente','Latte, frutta a guscio',1,'https://example.com/tana-segreta.jpg','2026-06-10 15:06:43','2026-06-10 15:06:43'),(19,'Ego Smisurato','Triplo cioccolato con granella dorata e caramello','Perché accontentarsi quando puoi avere tutto? Triplo cioccolato, granella dorata e caramello salato in un unico gelato monumentale. Per chi sa di meritare il meglio, anche se deve conquistarselo con la forza.',4.50,'Latte, panna, zucchero, cioccolato al latte, cioccolato fondente, cioccolato bianco, caramello salato, oro alimentare','Latte',1,'https://example.com/ego-smisurato.jpg','2026-06-10 15:06:43','2026-06-10 15:06:43'),(20,'Ultima Mossa','Fico nero e rum con glassa lacca nera','La mossa finale, quella che nessuno si aspetta. Il fico nero e il rum si fondono in un gusto audace e raffinato, avvolto in una glassa lacca nera lucidissima. Il colpo di scena che non dimenticherai.',5.00,'Latte, panna, zucchero, fico nero, rum, cacao','Latte',1,'https://example.com/ultima-mossa.jpg','2026-06-10 15:06:43','2026-06-10 15:06:43'),(21,'Morso al Collo','Melograno e ciliegia nera con striature rosse','Dolce come la seduzione, intenso come un morso nel buio. Il melograno e la ciliegia nera si fondono in un rosso sangue irresistibile. Attento: dopo il primo assaggio, vorrai ancora.',3.50,'Latte, panna, zucchero, melograno, ciliegia nera','Latte',1,'https://example.com/morso-al-collo.jpg','2026-06-10 15:06:43','2026-06-10 15:06:43'),(22,'Cripta dei Sapori','Mirtillo nero e liquirizia con cuore cremoso','Nascosto nelle profondità di una cripta secolare, questo gelato custodisce un segreto antico. Il mirtillo nero e la liquirizia avvolgono un cuore cremoso che si svela lentamente, come un vampiro che emerge dall oscurità.',3.50,'Latte, panna, zucchero, mirtillo nero, liquirizia','Latte',1,'https://example.com/cripta-sapori.jpg','2026-06-10 15:06:43','2026-06-10 15:06:43'),(23,'Alba Proibita','Arancia rossa e rosa con polvere di rubino','L unica alba che un vampiro può permettersi: quella di una granita all arancia rossa. Fresca, intensa, proibita. Il colore del tramonto in versione gelato, per chi non può aspettare il calar del sole.',2.50,'Acqua, zucchero, arancia rossa di Sicilia, acqua di rose','Nessuno',1,'https://example.com/alba-proibita.jpg','2026-06-10 15:06:43','2026-06-10 15:06:43'),(24,'Eterno Ritorno','Frutta del drago e ibisco con glassa cremisi','Come ogni vampiro che si rispetti, questo gusto ritorna sempre. La frutta del drago e l ibisco creano un rosso cremisi ipnotico e seducente, con una dolcezza che dura in eterno... o quasi.',4.00,'Latte, panna, zucchero, frutta del drago, ibisco','Latte',1,'https://example.com/eterno-ritorno.jpg','2026-06-10 15:06:43','2026-06-10 15:06:43'),(25,'Sangue Blu','Mirtillo selvatico e violetta con glassa indaco','Non tutti i vampiri sono uguali. Quelli di sangue blu hanno gusti raffinati e irraggiungibili. Il mirtillo selvatico e la violetta creano un gelato elegante e misterioso, degno solo dei palati più nobili. Sei all altezza?',5.00,'Latte, panna, zucchero, mirtillo selvatico, violetta, colorante naturale indaco','Latte',1,'https://example.com/sangue-blu.jpg','2026-06-10 15:06:43','2026-06-10 15:06:43');
/*!40000 ALTER TABLE `products` ENABLE KEYS */;
UNLOCK TABLES;

--
-- Table structure for table `reviews`
--

DROP TABLE IF EXISTS `reviews`;
/*!40101 SET @saved_cs_client     = @@character_set_client */;
/*!50503 SET character_set_client = utf8mb4 */;
CREATE TABLE `reviews` (
  `id` bigint unsigned NOT NULL AUTO_INCREMENT,
  `title` varchar(170) NOT NULL,
  `body` text NOT NULL,
  `start_rating` tinyint NOT NULL COMMENT 'select value from 1 to 5',
  `author_name` varchar(255) NOT NULL,
  `submission_date` date NOT NULL,
  `find_it_useful` int DEFAULT NULL,
  `product_id` bigint unsigned DEFAULT NULL,
  PRIMARY KEY (`id`),
  KEY `reviews_product_id_foreign` (`product_id`),
  CONSTRAINT `reviews_product_id_foreign` FOREIGN KEY (`product_id`) REFERENCES `products` (`id`) ON DELETE SET NULL
) ENGINE=InnoDB AUTO_INCREMENT=249 DEFAULT CHARSET=utf8mb4 COLLATE=utf8mb4_0900_ai_ci;
/*!40101 SET character_set_client = @saved_cs_client */;

--
-- Dumping data for table `reviews`
--

LOCK TABLES `reviews` WRITE;
/*!40000 ALTER TABLE `reviews` DISABLE KEYS */;
INSERT INTO `reviews` VALUES (1,'Esperienza unica','Il colore verde fosforescente cattura subito l attenzione. Il sapore è intenso e originale. Perfetto per chi cerca qualcosa di diverso dal solito.',4,'Stefano P.','2024-11-22',11,1),(2,'Ottimo rapporto qualità prezzo','Per il prezzo che si paga la qualità è ottima. Porzioni generose e gusto intenso. Lo consiglio a tutti gli amanti del pistacchio.',4,'Irene V.','2024-11-22',7,1),(3,'Non fa per me','Non sono un fan della menta nei gelati e questo ha un sapore molto deciso. Capisco che piaccia ma personalmente preferisco altri gusti della gelateria.',2,'Marco R.','2024-11-15',3,1),(4,'Un capolavoro di orrore e sapore','Non mi aspettavo di trovare qualcosa di così buono con un aspetto così inquietante. Il pistacchio e la menta insieme sono una combinazione vincente. Tornerò sicuramente!',5,'Massimo T.','2024-12-01',15,1),(5,'Verde come l invidia, buono come pochi','Il colore mi ha fatto esitare ma poi ho ceduto. Ottimo gusto, la menta non sovrasta il pistacchio. Forse un po troppo dolce per i miei gusti ma nel complesso ottimo.',4,'Andrea N.','2024-08-29',8,1),(6,'Nella media','Niente di straordinario rispetto ad altre gelaterie artigianali che conosco. Il tema horror è divertente ma il gusto potrebbe essere più audace.',3,'Elisa P.','2024-06-15',2,1),(7,'Il migliore della gelateria','Ho provato quasi tutto il menu ma il Cervello Marcio resta il mio preferito. Ogni volta che vengo in zona mi fermo qui apposta.',5,'Tommaso S.','2024-11-01',22,1),(8,'Buono ma non eccezionale','Il gusto è piacevole ma il nome promette qualcosa di più estremo. Mi aspettavo qualcosa di più particolare. Comunque si mangia volentieri.',3,'Claudio V.','2024-11-08',4,1),(9,'Assolutamente da provare','Ero scettico sulla combinazione pistacchio e menta ma mi sono dovuto ricredere. Un equilibrio perfetto tra i due sapori. Consigliatissimo!',5,'Beatrice G.','2024-09-12',18,1),(10,'Zombificante nel senso migliore','Dopo averlo assaggiato non riesco a smettere di pensarci. Torno ogni settimana solo per questo. Il pistacchio di qualità si sente eccome.',5,'Paola G.','2024-08-29',29,1),(11,'Sorprendente','Mia figlia lo ha scelto per il colore e io l ho assaggiato per curiosità. Ora lo ordiniamo entrambi ogni volta. Un vero successo di famiglia.',5,'Nicola C.','2024-07-18',14,1),(12,'Molto soddisfatto','Qualità degli ingredienti ottima, si sente. Il carbone vegetale non altera il sapore ma regala quel colore da brivido. Perfetto per il tema.',4,'Enrico L.','2024-11-08',9,2),(13,'Troppo amaro per me','Per chi ama il cioccolato fondente è perfetto. Io lo trovo un po troppo intenso ma capisco il target. La presentazione è spettacolare.',3,'Massimo T.','2024-08-08',5,2),(14,'Il mio preferito in assoluto','Ogni volta che vengo porto qualcuno di nuovo solo per vedere la loro faccia quando ordinano qualcosa chiamato Putrefazione. Il gusto poi li convince sempre.',5,'Marco R.','2024-07-25',25,2),(15,'Ritorno garantito','La terza volta che ordino questo e non mi stanca mai. Ogni cucchiaio è una conferma di quanto sia buono. Complimenti al gelatiere.',5,'Pietro A.','2024-10-24',20,2),(16,'Oscuro e irresistibile','Non me lo aspettavo così buono. Il biscotto al carbone aggiunge una texture croccante perfetta. Il cioccolato è intenso senza essere amaro.',4,'Sara B.','2024-11-08',12,2),(17,'Non per tutti','Il cioccolato è davvero molto intenso e il retrogusto del carbone si sente. Per i puristi del cioccolato fondente potrebbe essere interessante ma non fa per me.',2,'Andrea N.','2024-09-19',4,2),(18,'Sorprendentemente buono','Il nome mi aveva convinto a scegliere altro ma ho ceduto alla curiosità. Sono contento di averlo fatto. Gusto intenso e avvolgente.',4,'Claudio V.','2024-09-26',13,2),(19,'Presentazione da 10','Il colore nero assoluto è semplicemente spettacolare. Il sapore è all altezza. Ottimo gelato per chi ama i gusti decisi.',4,'Alessia T.','2024-09-19',16,2),(20,'Nero come l anima, buono come il peccato','Il carbone vegetale gli dà un colore assolutamente inquietante. Il cioccolato fondente è di qualità eccellente. Una delle migliori coppette che abbia mai mangiato.',5,'Matteo L.','2024-10-24',19,2),(21,'Indimenticabile','Ho portato i miei amici dall estero e questo è stato il gelato che ha impressionato di più. Sia per l aspetto che per il gusto.',5,'Federica A.','2024-09-19',31,2),(22,'Colazione perfetta','L ho presa la mattina con la brioche e devo dire che è stata una colazione indimenticabile. La acidità del lime sveglia i sensi.',5,'Beatrice G.','2024-08-08',19,3),(23,'Originale e rinfrescante','I semi di chia danno una texture interessante che non mi aspettavo in una granita. Scelta coraggiosa e azzeccata.',4,'Chiara V.','2024-10-10',7,3),(24,'Colori da zombie approvati','Il rosso dell anguria e il verde del lime creano un effetto visivo perfetto per il tema. Il sapore è all altezza dell aspetto.',4,'Marco R.','2024-06-15',8,3),(25,'Buona ma non originale','Il gusto anguria e lime è piacevole ma lo si trova anche altrove. L aggiunta dei semi di chia è interessante. Nel complesso una buona granita.',3,'Emanuele R.','2024-11-15',6,3),(26,'Ritorno ogni settimana','Da quando l ho scoperta la prendo ogni sabato mattina. È diventata il mio rituale settimanale. Fantastica.',5,'Anna S.','2024-12-10',14,3),(27,'Consigliata','L ho consigliata a tutti i miei amici e sono tornati a ringraziarmi. Un gusto fresco e originale che piace a tutti.',4,'Irene V.','2024-09-19',10,3),(28,'Nella media','Granita piacevole ma niente di straordinario. Il tema horror è divertente ma il gusto potrebbe osare di più.',3,'Fabio D.','2024-06-15',2,3),(29,'La migliore granita in zona','Ho girato tutte le gelaterie della zona e questa granita non ha rivali. La qualità dell anguria si sente e il lime è dosato perfettamente.',5,'Giulia T.','2024-09-19',23,3),(30,'Il mio nuovo preferito','Ero venuto per altro ma questo mi ha conquistato al primo assaggio. Ora è il mio ordine fisso ogni volta che vengo.',5,'Simone F.','2024-06-22',22,4),(31,'Non fa per me','La combinazione mela e zenzero è troppo particolare per i miei gusti. Apprezzo la creatività ma preferisco gusti più classici.',2,'Alessia T.','2024-08-01',3,4),(32,'Perfetto','Ogni elemento è dosato alla perfezione. Lo zenzero non sovrasta, la mela è presente, la glassa aggiunge quel tocco horror impagabile.',5,'Martina D.','2024-12-10',17,4),(33,'Unico nel suo genere','Non ho mai mangiato un gelato simile. La combinazione di sapori è audace e riuscita. La gelateria merita rispetto per la creatività.',5,'Stefano P.','2024-07-03',28,4),(34,'Lo zenzero è troppo presente','Per me lo zenzero copre troppo il sapore della mela. Chi ama lo zenzero lo adorerà, io lo trovo un po eccessivo.',3,'Elena G.','2024-10-17',4,4),(35,'Interessante','Un gusto che fa discutere. Non per tutti ma sicuramente originale. Vale la pena provarlo almeno una volta.',3,'Emanuele R.','2024-07-18',5,4),(36,'Il contagio più dolce che esista','La mela verde e lo zenzero sono una combinazione che non avevo mai provato in un gelato. Risultato sorprendente e originale.',5,'Daniele S.','2024-07-25',21,4),(37,'Piccante e fresco insieme','Lo zenzero si sente bene senza essere invadente. La mela verde bilancia perfettamente. La glassa fosforescente è uno spettacolo.',4,'Fabio D.','2024-11-15',13,4),(38,'Visivamente spettacolare','Il verde fosforescente attira tutti gli sguardi. Il sapore è all altezza della presentazione. Ottimo gelato per i più avventurosi.',4,'Luca M.','2024-12-01',15,4),(39,'Coraggioso e riuscito','Ci vuole coraggio a proporre questi abbinamenti. Complimenti al gelatiere per aver osato. Il risultato è molto interessante.',4,'Cristina B.','2024-09-05',9,4),(40,'Limited edition da non perdere','Ho sentito che è disponibile solo per poco e sono venuto apposta. Non mi ha deluso. Speriamo che la rimettano in produzione.',5,'Fabio D.','2024-08-01',26,5),(41,'Fenomenale','La limited edition che aspettavo. Non delude le aspettative anzi le supera. Il cuore cremoso è una piacevole sorpresa ad ogni morso.',5,'Valentina R.','2024-07-18',22,5),(42,'Esperienza unica','Il tema della resurrezione è reso perfettamente nel contrasto tra i frutti di bosco scuri e il cuore bianco di vaniglia. Poetico e buonissimo.',4,'Chiara V.','2024-07-18',11,5),(43,'Vale il prezzo','Per una limited edition il prezzo è giusto. La qualità degli ingredienti è evidente. Il cuore cremoso è una trovata geniale.',4,'Massimo T.','2024-07-03',14,5),(44,'Consigliato vivamente','L ho preso su consiglio del personale e non me ne sono pentito. Qualità eccellente e presentazione impeccabile.',4,'Monica L.','2024-08-01',16,5),(45,'Il migliore in assoluto','Ho assaggiato tutto il menu nel corso delle mie visite e questo è il vertice assoluto. La limited edition è una scelta saggia perché crea attesa.',5,'Beatrice G.','2024-11-08',41,5),(46,'Buono ma sopravvalutato','È buono ma non capisco tutto questo entusiasmo. I frutti di bosco sono ottimi ma il cuore di vaniglia non mi ha sorpreso più di tanto.',3,'Sara B.','2024-07-10',7,5),(47,'Capolavoro','Chi ha inventato questo gelato è un genio. Ogni elemento ha un senso e il risultato finale è straordinario. Bravi!',5,'Francesco P.','2024-07-25',37,5),(48,'Indimenticabile','L ho mangiato una volta sola e ci penso ancora. Spero davvero che lo riportino perché è qualcosa di speciale.',5,'Emanuele R.','2024-08-29',29,5),(49,'Troppo esotico','Non conoscevo il lychee e devo dire che non è di mio gradimento. Ma è un problema mio di gusti personali, non della qualità.',2,'Nicola C.','2024-12-10',3,6),(50,'Sorprendentemente buono','Non sono un fan del cocco di solito ma questo gelato mi ha convertito. Il lychee aggiunge una nota esotica irresistibile.',4,'Paola G.','2024-12-01',12,6),(51,'Ottima scelta','Fresco, leggero e originale. Il tema fantasma è reso perfettamente sia visivamente che nel gusto evanescente.',4,'Irene V.','2024-07-25',8,6),(52,'Elegante','Un gelato raffinato e originale. La combinazione cocco e lychee funziona molto bene. Perfetto per una serata estiva.',4,'Serena N.','2024-10-17',10,6),(53,'Mi ha stregato','L ho scelto quasi per caso e ora è uno dei miei preferiti. La leggerezza del gusto è il suo punto di forza.',5,'Claudio V.','2024-07-03',17,6),(54,'Carino','Piacevole ma non memorabile. Il tema horror è reso in modo troppo soft per i miei gusti. Preferisco qualcosa di più audace.',3,'Luca M.','2024-11-08',4,6),(55,'Etereo e delizioso','Il cocco e il lychee insieme sono una rivelazione. Leggero, fresco, con una dolcezza delicata. Perfetto per il tema fantasmi.',5,'Beatrice G.','2024-12-10',19,6),(56,'Il cono fantasma perfetto','La glassa bianca lattiginosa è uno spettacolo visivo. Il sapore è all altezza. Leggero e rinfrescante, sparisce in bocca come un fantasma.',5,'Martina D.','2024-09-26',24,6),(57,'Consigliato','Un gelato che sa sorprendere con la sua leggerezza. Ottimo per chi non ama i gusti troppo intensi.',4,'Daniele S.','2024-08-22',9,6),(58,'Troppo delicato','Per chi ama i gusti intensi questo potrebbe essere troppo leggero. Il cocco e il lychee sono piacevoli ma poco incisivi.',3,'Valentina R.','2024-07-25',5,6),(59,'Fantastico','Gioco di parole voluto. Uno dei migliori della gelateria. La qualità degli ingredienti è impeccabile.',5,'Matteo L.','2024-07-10',21,6),(60,'Raffinato','Un gelato per palati sofisticati. Non cerca di sorprendere con contrasti estremi ma con una armonia perfetta di sapori.',4,'Andrea N.','2024-11-15',11,7),(61,'Perfetto','Ogni elemento è in equilibrio perfetto. Non troppo dolce, non troppo neutro. Una coppetta che finisce sempre troppo in fretta.',5,'Veronica M.','2024-06-22',23,7),(62,'Consigliatissimo','L ho preso su consiglio di un amico e sono contento. Un gusto che sa essere elegante senza essere pretenzioso.',4,'Chiara V.','2024-09-05',6,7),(63,'Sorprendente nella semplicità','A volte la semplicità è la scelta più coraggiosa. Questo gelato lo dimostra.',4,'Anna S.','2024-11-01',7,7),(64,'Ritorno garantito','Uno di quei gelati che non stancano mai. La semplicità ben eseguita batte sempre la complessità mal riuscita.',5,'Cristina B.','2024-11-08',18,7),(65,'Il mio preferito tra i fantasmi','Ho provato tutti i gusti del tema fantasmi e questo è il mio preferito. La semplicità è la sua forza.',5,'Camilla F.','2024-11-08',19,7),(66,'Delicato come un soffio','La mandorla e lo yogurt insieme sono una combinazione che non mi aspettavo così buona. La vaniglia completa il tutto alla perfezione.',5,'Matteo L.','2024-10-03',16,7),(67,'Anonimo','Non riesco a ricordarmelo dopo averlo mangiato. Sarà buono ma non lascia il segno. Per una gelateria horror è un difetto.',2,'Silvia M.','2024-11-15',2,7),(68,'Nella media','Buono ma non straordinario. La mandorla potrebbe essere più presente.',3,'Elisa P.','2024-08-29',3,7),(69,'Ottimo','La qualità dello yogurt si sente. La mandorla è croccante al punto giusto. Un gelato onesto e ben fatto.',4,'Simone F.','2024-06-22',8,7),(70,'Troppo semplice','Il gusto è piacevole ma per una gelateria horror mi aspettavo qualcosa di più audace. Manca il brivido.',3,'Nicola C.','2024-09-19',4,7),(71,'Eccellente','La vaniglia bourbon si sente ed è di qualità. Gelato artigianale nel senso migliore del termine.',5,'Stefano P.','2024-10-24',14,7),(72,'Incantevole','Un gusto che evoca esattamente quello che promette il nome. Nebbiosa, misteriosa, irresistibile.',5,'Davide C.','2024-06-15',18,8),(73,'Perfetta come dessert serale','Il nome dice tutto. È la granita perfetta da gustare la sera, magari dopo cena. Leggera e aromatica.',4,'Elena G.','2024-10-10',10,8),(74,'Buonissima','Fresca, aromatica e originale. Il limone bianco la rende meno acida delle granite tradizionali.',4,'Riccardo M.','2024-08-15',8,8),(75,'Interessante','Un gusto da provare almeno una volta. Non diventerà il mio fisso ma apprezzo la creatività.',3,'Silvia M.','2024-11-15',4,8),(76,'Poetica e buonissima','Il limone bianco e i fiori di sambuco creano un gusto floreale unico. È come mangiare un tramonto estivo.',5,'Nicola C.','2024-07-18',21,8),(77,'Troppo floreale','I fiori di sambuco sono molto presenti e il gusto risulta quasi profumato. Non è il mio tipo ma capisco che piaccia.',3,'Paola G.','2024-10-24',5,8),(78,'Molto particolare','Chi cerca qualcosa di diverso dalla solita granita deve assolutamente provare questa. Coraggio premiato.',4,'Giulia T.','2024-09-12',9,8),(79,'Straordinaria','La qualità dei fiori di sambuco si sente immediatamente. Una granita artigianale nel vero senso della parola.',5,'Sara B.','2024-07-18',22,8),(80,'Non fa per me','I fiori di sambuco danno un sapore troppo erbaceo per i miei gusti. Preferisco granite più tradizionali.',2,'Marco R.','2024-08-08',3,8),(81,'Consigliato','Un gelato che sa sorprendere. Per chi ama i gusti freschi e originali è una scelta obbligata.',4,'Massimo T.','2024-09-26',7,9),(82,'Visivamente incredibile','La colatura lattiginosa è uno spettacolo. Il gusto melone e menta è fresco e originale. Un gusto speciale che merita il nome.',5,'Laura C.','2024-10-03',24,9),(83,'Il gusto speciale più speciale','Tra tutti i gusti speciali questo è il mio preferito. Il melone bianco è dolce e la menta lo rinfresca perfettamente.',5,'Federica A.','2024-07-25',31,9),(84,'Stupendo','Ogni elemento funziona alla perfezione. La presentazione, il gusto, la texture. Un gusto speciale davvero speciale.',5,'Sara B.','2024-07-10',26,9),(85,'Nella media','Buono ma non eccezionale. Il nome e la presentazione promettono più di quanto il gusto mantenga.',3,'Paola G.','2024-08-15',3,9),(86,'Originale e buono','Una combinazione che non avrei mai pensato di ordinare ma che mi ha convinto. La curiosità premia.',4,'Silvia M.','2024-08-01',8,9),(87,'Molto buono','La menta non sovrasta il melone come temevo. Un equilibrio riuscito tra due sapori molto diversi.',4,'Chiara V.','2024-10-03',11,9),(88,'Non mi ha convinto','Il melone bianco nel gelato non è di mio gradimento. Ma è chiaramente un problema di gusti personali.',2,'Cristina B.','2024-10-10',4,9),(89,'Eccellente','La qualità degli ingredienti è impeccabile. Il melone è fresco e la menta è naturale. Artigianalità vera.',5,'Emanuele R.','2024-09-19',17,9),(90,'Strano nel senso migliore','Non sapevo cosa aspettarmi da qualcosa chiamato Ectoplasma. Il risultato mi ha piacevolmente sorpreso.',4,'Marco R.','2024-11-01',15,9),(91,'Non per me','L abbinamento pesca e rosmarino è troppo insolito per i miei gusti. Preferisco i classici.',2,'Marco R.','2024-11-08',3,10),(92,'Ottimo','Una limited edition che dimostra quanto la gelateria sappia osare. Risultato eccellente.',4,'Roberto F.','2024-06-22',14,10),(93,'Poetico','Il nome è perfetto. Un gusto delicato e malinconico, come se stesse svanendo. Un esperienza quasi emotiva.',4,'Andrea N.','2024-07-25',12,10),(94,'Indimenticabile','L ho mangiato una sola volta e continuo a pensarci. Un gelato che lascia il segno.',5,'Alessia T.','2024-11-22',31,10),(95,'Il rosmarino è invadente','Per me il rosmarino prende troppo il sopravvento sulla pesca. Ma capisco che per alcuni sia il punto di forza.',3,'Tommaso S.','2024-09-26',7,10),(96,'Limited edition da sogno','La pesca bianca e il rosmarino sono una combinazione che non dimenticherò. Speriamo che la riportino.',5,'Paola G.','2024-10-24',28,10),(97,'Il migliore tra i gusti speciali','Ho assaggiato tutti i gusti speciali e questo è il vertice. La limited edition si sente nella cura degli ingredienti.',5,'Francesco P.','2024-07-03',35,10),(98,'Sorprendentemente erbaceo','Il rosmarino nel gelato mi sembrava strano ma funziona benissimo con la pesca. Una scelta coraggiosa e riuscita.',4,'Pietro A.','2024-09-12',16,10),(99,'Originale e riuscita','Una granita che osa e vince. Per i palati coraggiosi è una scelta obbligata.',4,'Roberto F.','2024-07-03',9,11),(100,'Interessante','Un gusto da provare almeno una volta. Non lo ordinerò sempre ma sono contento di averlo scoperto.',3,'Silvia M.','2024-11-15',5,11),(101,'Perfetta','Il nome descrive esattamente il gusto. Affilata, precisa, memorabile. Una granita che non dimentichi.',5,'Riccardo M.','2024-09-19',23,11),(102,'Troppo aggressiva','Vive pienamente all altezza del nome ma per me è troppo piccante. Per chi ama i gusti estremi è perfetta.',3,'Serena N.','2024-07-25',6,11),(103,'Eccellente','Ogni ingrediente ha un ruolo preciso. Il pepe nero finale è il colpo di scena che non ti aspetti.',5,'Giulia T.','2024-12-01',18,11),(104,'Troppo intensa','Per i miei gusti è troppo. Lime, zenzero e pepe insieme sono davvero molto. Rispetto la scelta ma non fa per me.',2,'Paola G.','2024-10-03',4,11),(105,'Tagliente al punto giusto','Il lime e lo zenzero creano una granita che sveglia i sensi. Il pepe nero finale è il tocco geniale.',5,'Irene V.','2024-07-10',20,11),(106,'La granita più coraggiosa','Non esiste granita più coerente con il tema serial killer di questa. Tagliente, precisa, senza pietà.',5,'Matteo L.','2024-06-22',27,11),(107,'Troppo amaro','Il caffè è molto presente e l insieme risulta amaro per i miei gusti. Per i fan del caffè amaro è perfetto.',3,'Roberto F.','2024-09-05',7,12),(108,'Il mio ordine fisso','Da quando l ho scoperto non ordino altro. Il cardamomo aggiunge una nota speziata irresistibile.',5,'Luca M.','2024-11-01',30,12),(109,'Pianificato alla perfezione','Il caffè e il cardamomo sono una combinazione da manuale. Le scaglie di cioccolato completano il tutto.',5,'Serena N.','2024-08-15',25,12),(110,'Nella media','Buono ma non memorabile quanto mi aspettavo. Forse le aspettative erano troppo alte.',3,'Laura C.','2024-08-01',4,12),(111,'Eccellente','Il caffè espresso è di qualità superiore. Si sente immediatamente. Un gelato che rispetta gli ingredienti.',5,'Francesco P.','2024-08-22',22,12),(112,'Consigliato','Per chi ama i gusti intensi e non banali questo è il gelato giusto.',4,'Valentina R.','2024-07-18',8,12),(113,'Non fa per me','Sono un amante del caffè ma nel gelato trovo questa combinazione troppo intensa. Questione di gusti.',2,'Camilla F.','2024-08-29',5,12),(114,'Sofisticato','Un gelato per palati adulti. Niente dolcezze banali, solo sapori decisi e ben calibrati.',4,'Andrea N.','2024-09-26',12,12),(115,'Capolavoro','Ogni elemento è al suo posto. Il cioccolato fondente finale è il tocco che eleva il gelato.',5,'Emanuele R.','2024-07-25',19,12),(116,'Per veri amanti del caffè','Intenso, aromatico, deciso. Se ami il caffè questo è il gelato che fa per te.',4,'Sara B.','2024-08-08',16,12),(117,'Molto buono','Il cardamomo è dosato perfettamente. Non sovrasta il caffè ma lo arricchisce. Una scelta felice.',4,'Veronica M.','2024-11-22',10,12),(118,'Coraggioso','Ci vuole coraggio a mettere il pepe in un gelato. Coraggio premiato da un risultato eccellente.',4,'Massimo T.','2024-06-22',7,13),(119,'Molto buono','La ciliegia nera è di qualità eccellente. Il pepe rosa aggiunge carattere senza essere eccessivo.',4,'Andrea N.','2024-09-12',9,13),(120,'Interessante','Un gusto da provare. Non sarà il mio fisso ma l esperienza vale.',3,'Alessia T.','2024-10-10',4,13),(121,'Fenomenale','Il cono con questo gusto è la combinazione perfetta. La croccantezza della cialda completa il tutto.',5,'Nicola C.','2024-10-10',18,13),(122,'Audace e riuscito','Il pepe rosa nella ciliegia sembrava strano ma funziona perfettamente. Complimenti per la creatività.',4,'Luca M.','2024-08-01',14,13),(123,'Troppo piccante','Non amo il piccante nei dolci. Il pepe rosa è davvero molto presente. Non fa per me.',2,'Francesco P.','2024-09-12',3,13),(124,'Straordinario','Ogni morso è una scoperta. Prima la ciliegia poi il piccante del pepe. Un gioco di sapori perfetto.',5,'Camilla F.','2024-08-08',25,13),(125,'Originale','Una combinazione che non avevo mai provato in un gelato. La curiosità è stata premiata.',4,'Anna S.','2024-08-01',11,13),(126,'Il mio preferito del tema','Tra tutti i gusti serial killer questo è il mio assoluto preferito. Il contrasto dolce piccante è geniale.',5,'Paola G.','2024-09-12',29,13),(127,'La firma più dolce che esista','Ciliegia nera e pepe rosa sono una combinazione che non dimenticherò. Dolce e piccante insieme.',5,'Cristina B.','2024-08-15',22,13),(128,'Molto buono','Il caramello bruciato aggiunge una nota affumicata interessante. Una complessità di sapori rara nel gelato.',4,'Cristina B.','2024-10-03',10,14),(129,'Sofisticato e deciso','Un gusto per palati maturi. Ogni elemento è di qualità eccellente e si sente.',4,'Daniele S.','2024-08-08',17,14),(130,'Il motivo per tornare sempre','Il cioccolato al 85% con il sale marino è una combinazione divina. Il caramello bruciato è il colpo di scena.',5,'Elisa P.','2024-11-08',27,14),(131,'Capolavoro','Il sale marino che esalta il cioccolato è una tecnica da alta pasticceria applicata al gelato. Rispetto totale.',5,'Giovanni B.','2024-11-08',31,14),(132,'Nella media','Per quanto mi riguarda il prezzo è un po alto per quello che si riceve. Ma la qualità è innegabile.',3,'Serena N.','2024-08-01',5,14),(133,'Indimenticabile','Ogni elemento racconta qualcosa. Un gelato che ha una storia da raccontare ad ogni cucchiaio.',5,'Veronica M.','2024-07-18',22,14),(134,'Eccellente','La qualità del cacao si sente immediatamente. Un gelato onesto che non cerca effetti speciali ma punta sulla qualità.',4,'Andrea N.','2024-07-10',13,14),(135,'Troppo intenso','Il cacao all 85% è davvero molto amaro. Il caramello non riesce a bilanciare completamente. Per puristi del fondente.',3,'Emanuele R.','2024-07-03',8,14),(136,'Il mio gusto speciale preferito','Ho provato tutti i gusti speciali e questo è imbattibile. Il sale marino esalta il cioccolato in modo straordinario.',5,'Giulia T.','2024-09-05',34,14),(137,'Consigliatissimo','Per chi ama il cioccolato fondente di qualità questo è il paradiso. Non delude.',4,'Silvia M.','2024-07-18',9,14),(138,'Straordinario','Il miglior gelato al cioccolato che abbia mai mangiato. La complessità dei sapori è impressionante.',5,'Marco R.','2024-09-26',28,14),(139,'Limited edition imperdibile','Sono venuto apposta quando ho sentito che era disponibile. Non mi ha deluso per niente.',5,'Elisa P.','2024-11-01',24,15),(140,'Troppo delicato per una limited edition','Mi aspettavo qualcosa di più estremo da una limited edition serial killer. Il gusto è buono ma troppo gentile.',2,'Beatrice G.','2024-07-10',5,15),(141,'Capolavoro','La vaniglia nera è un ingrediente rarissimo nei gelati artigianali. Qui è usata alla perfezione.',5,'Elena G.','2024-12-01',29,15),(142,'Non lascia tracce ma lascia il segno','La vaniglia nera e il carbone vegetale creano qualcosa di unico. Il colore è nero assoluto ma il sapore è sorprendentemente delicato.',5,'Martina D.','2024-08-22',30,15),(143,'Misterioso e buono','Il nome promette mistero e il gusto mantiene. La vaniglia nera è di qualità eccezionale.',4,'Tommaso S.','2024-08-15',17,15),(144,'Molto buono','Il carbone vegetale non altera il sapore ma regala quel colore misterioso perfetto per il tema.',4,'Stefano P.','2024-08-01',13,15),(145,'Fenomenale','Ogni volta che è disponibile lo ordino subito. Uno dei migliori gelati che abbia mai assaggiato.',5,'Fabio D.','2024-11-22',32,15),(146,'Interessante ma non eccezionale','Il concetto è ottimo ma il gusto non mi ha sorpreso quanto speravo. Forse le aspettative erano troppo alte.',3,'Daniele S.','2024-12-10',7,15),(147,'Nella media','Buono ma non al livello delle aspettative create dal nome e dal tema.',3,'Andrea N.','2024-12-01',4,15),(148,'Il crimine perfetto','Come promette il nome non lascia tracce ma solo il ricordo indelebile di qualcosa di straordinario.',5,'Roberto F.','2024-11-15',36,15),(149,'Vale il prezzo','Per una limited edition la qualità giustifica il prezzo. La vaniglia nera da sola vale l esperienza.',4,'Chiara V.','2024-07-25',11,15),(150,'Lussuoso e buono','L oro alimentare è un tocco di classe che si abbina perfettamente alla nocciola. Un gelato per chi ama il meglio.',4,'Valentina R.','2024-06-15',17,16),(151,'Il super cattivo più buono','Ho provato tutti i gusti del tema e questo è imbattibile. La qualità della nocciola è eccezionale.',5,'Enrico L.','2024-09-26',33,16),(152,'Consigliato','Per una serata speciale o per impressionare qualcuno questo è il gelato giusto.',4,'Giulia T.','2024-10-17',9,16),(153,'Domina su tutto il menu','La nocciola tostata con l oro alimentare è semplicemente regale. Il piano di dominazione è riuscito.',5,'Roberto F.','2024-09-05',26,16),(154,'Molto buono','La tostatura della nocciola si sente ed è perfetta. Un gelato che rispetta gli ingredienti.',4,'Serena N.','2024-10-10',10,16),(155,'Prezzo alto per quello che è','La nocciola è buona ma non capisco il premium price. L oro alimentare è un escamotage estetico.',2,'Luca M.','2024-06-15',5,16),(156,'Straordinario','La nocciola tostata è di una qualità che non si trova facilmente. Un gelato che fa la differenza.',5,'Cristina B.','2024-12-10',27,16),(157,'Elegante','Un gelato che sa essere lussuoso senza essere volgare. La nocciola è di qualità superiore.',4,'Martina D.','2024-09-12',12,16),(158,'Il piccante mi spaventa','Il passion fruit è ottimo ma il peperoncino è davvero molto presente. Per i fans del piccante è perfetto.',3,'Alessia T.','2024-08-01',7,17),(159,'Rido ancora','Il passion fruit e il peperoncino sono una combinazione pazzesca. Dolce, acido, piccante tutto insieme.',5,'Monica L.','2024-08-29',23,17),(160,'Memorabile','Ho mangiato tanti gelati in vita mia ma questo mi ha sorpreso come pochi. Unico nel suo genere.',5,'Martina D.','2024-12-10',19,17),(161,'Troppo piccante','Amo il piccante ma nei dolci mi spaventa. Il peperoncino è troppo invadente per i miei gusti.',2,'Matteo L.','2024-07-18',4,17),(162,'Originale','Una combinazione che non avrei mai pensato ma che funziona. La gelateria sa osare.',4,'Fabio D.','2024-07-18',11,17),(163,'Coraggioso e riuscito','Ci vuole coraggio a mettere il peperoncino nel gelato. Il risultato dimostra che la scelta era giusta.',4,'Roberto F.','2024-06-15',8,17),(164,'Il più divertente del menu','Non solo buono ma anche divertente da mangiare. Il piccante che arriva dopo il dolce è un gioco riuscito.',5,'Stefano P.','2024-08-01',29,17),(165,'Audace e divertente','Un gelato che non si prende sul serio ma è seriamente buono. Il piccante finale è una sorpresa ogni volta.',4,'Andrea N.','2024-07-03',15,17),(166,'Molto buono','Il passion fruit è di qualità eccellente. Il peperoncino aggiunge carattere senza rovinare niente.',4,'Riccardo M.','2024-09-26',9,17),(167,'Molto buono','Il cuore al cioccolato fondente è la ciliegina sulla torta. Una sorpresa che vale da sola l esperienza.',4,'Riccardo M.','2024-08-15',9,18),(168,'Straordinario','Ogni elemento ha una storia. Un gelato che racconta qualcosa ad ogni morso.',5,'Chiara V.','2024-11-15',18,18),(169,'Il segreto è svelato ed è buonissimo','La mandorla affumicata è un ingrediente che non avevo mai trovato nel gelato. Il cuore nascosto è una sorpresa deliziosa.',5,'Elena G.','2024-08-15',24,18),(170,'Nella media','Buono ma la complessità dei sapori non mi ha convinto del tutto. Forse con un secondo assaggio.',3,'Massimo T.','2024-10-10',5,18),(171,'Il mio gusto speciale preferito','Tra tutti i gusti speciali questo è il più sorprendente. Il cuore nascosto è una idea geniale.',5,'Anna S.','2024-07-10',31,18),(172,'Originale','Un gusto che sa sorprendere. La ricerca degli ingredienti si sente.',4,'Valentina R.','2024-09-26',10,18),(173,'Capolavoro','La mandorla affumicata è rara e preziosa. Qui è usata con maestria. Rispetto totale.',5,'Enrico L.','2024-10-17',27,18),(174,'Consigliato','Per chi ama i gusti complessi e non banali questo è il gelato giusto.',4,'Emanuele R.','2024-09-19',8,18),(175,'L affumicatura è troppo presente','La mandorla affumicata ha un sapore molto deciso che copre un po il miele. Questione di gusti.',3,'Daniele S.','2024-09-05',7,18),(176,'Misterioso e buono','L affumicatura della mandorla dà un sapore unico. Il cuore al cioccolato è il premio per chi arriva in fondo.',4,'Francesco P.','2024-09-19',16,18),(177,'Eccellente','Il miele nero è di qualità straordinaria. Si abbina perfettamente alla mandorla affumicata.',5,'Fabio D.','2024-07-25',22,18),(178,'Magnifico','Ogni strato racconta qualcosa di diverso. Un gelato stratificato nel gusto come pochi.',5,'Irene V.','2024-11-22',24,19),(179,'Sontuoso','Un gelato per grandi occasioni. La complessità dei sapori richiede attenzione e rispetto.',4,'Monica L.','2024-09-26',13,19),(180,'Consigliato per i golosi','Se ami il cioccolato in tutte le sue forme questo è il paradiso. Niente di meno.',4,'Davide C.','2024-09-26',10,19),(181,'Il re del menu','Nessun altro gelato del menu ha questa complessità. Il triplo cioccolato è un capolavoro di equilibrio.',5,'Chiara V.','2024-10-24',35,19),(182,'Molto buono','Il caramello salato bilancia perfettamente la dolcezza dei tre cioccolati. Una scelta felice.',4,'Silvia M.','2024-08-08',11,19),(183,'Indimenticabile','L ho ordinato per il nome e sono rimasto senza parole per il gusto. Un capolavoro di arroganza golosa.',5,'Tommaso S.','2024-08-01',32,19),(184,'Ego giustificato','Il triplo cioccolato con caramello salato è un peccato di gola monumentale. L oro alimentare è la corona.',5,'Claudio V.','2024-11-01',28,19),(185,'Troppo di tutto','Tre cioccolati più caramello più oro è troppo anche per me. Il risultato è confuso al palato.',3,'Daniele S.','2024-07-25',8,19),(186,'Interessante','La complessità è evidente ma non sempre funziona. Alcuni morsi sono perfetti altri un po confusi.',3,'Enrico L.','2024-09-12',5,19),(187,'Eccessivo nel senso migliore','Tutto in questo gelato è esagerato. E funziona alla perfezione. Per chi non si accontenta mai.',4,'Elisa P.','2024-12-10',19,19),(188,'Troppo dolce','La combinazione di tre cioccolati e caramello è eccessivamente dolce per me. Buono ma stancante.',2,'Veronica M.','2024-10-24',6,19),(189,'Non per me','L alcol nel gelato non fa per me. Capisco che sia una scelta di qualità ma preferisco altro.',2,'Davide C.','2024-10-17',4,20),(190,'La mossa vincente','Il fico nero e il rum insieme sono una combinazione adulta e raffinata. La glassa lacca nera è uno spettacolo.',5,'Francesco P.','2024-07-03',26,20),(191,'Fenomenale','L ultima mossa di una cena perfetta. Non potevo finire meglio.',5,'Daniele S.','2024-10-17',19,20),(192,'Il rum è troppo presente','Per me l alcol nel gelato è troppo. Il fico è ottimo ma il rum copre tutto. Questione di gusti.',3,'Monica L.','2024-07-18',8,20),(193,'Capolavoro','Il fico nero è raro e prezioso. Qui è trattato con il rispetto che merita. Un gelato di classe.',5,'Fabio D.','2024-08-29',22,20),(194,'Consigliato','Per una serata speciale o come dessert dopo cena questo è il gelato ideale.',4,'Martina D.','2024-12-10',9,20),(195,'Ottimo','Il fico nero di qualità si sente immediatamente. Un ingrediente raro usato bene.',4,'Roberto F.','2024-09-19',7,20),(196,'Elegante e audace','Un gusto per adulti che non cercano dolcezze banali. Il rum aggiunge carattere senza essere invadente.',4,'Giovanni B.','2024-09-05',17,20),(197,'Molto buono','Il melograno è di stagione e freschissimo. Si sente la qualità dell ingrediente.',4,'Marco R.','2024-08-08',10,21),(198,'Consigliatissimo','Per gli amanti dei frutti rossi questo è il gelato definitivo. Non delude.',4,'Andrea N.','2024-09-26',9,21),(199,'Eccellente','Ogni morso è una conferma di quanto sia buono. Uno dei migliori del menu.',5,'Alessia T.','2024-12-10',21,21),(200,'Il morso più dolce della mia vita','Il melograno e la ciliegia nera sono una combinazione che evoca esattamente il tema. Rosso intenso e irresistibile.',5,'Francesco P.','2024-07-03',27,21),(201,'Seducente come promesso','Il nome non mente. Questo gelato è seducente sia visivamente che al gusto. Le striature rosse sono perfette.',4,'Emanuele R.','2024-12-01',18,21),(202,'Perfetto','La combinazione melograno e ciliegia nera è classica ma qui è eseguita alla perfezione.',4,'Massimo T.','2024-12-10',12,21),(203,'Carino','Piacevole ma non memorabile quanto mi aspettavo. Le aspettative erano forse troppo alte.',3,'Giovanni B.','2024-09-26',5,21),(204,'Troppo dolce','Il melograno e la ciliegia insieme risultano molto dolci per me. Chi ama i gusti dolci lo adorerà.',3,'Tommaso S.','2024-08-22',7,21),(205,'Magnifico','Le striature rosse sono spettacolari. Il gusto è all altezza dell aspetto. Un gelato completo.',5,'Luca M.','2024-10-03',24,21),(206,'Troppo fruttato','Non sono un fan dei gelati molto fruttosi. Ma è chiaramente un problema mio non del gelato.',2,'Cristina B.','2024-07-25',4,21),(207,'Il migliore del tema vampiri','Ho provato tutti i gusti del tema e questo è imbattibile. Il melograno è di qualità eccellente.',5,'Riccardo M.','2024-08-29',34,21),(208,'La liquirizia non fa per me','Non amo la liquirizia e qui è molto presente. Per i fan è sicuramente un capolavoro.',2,'Stefano P.','2024-09-26',4,22),(209,'Eccellente','La qualità del mirtillo nero è superiore. Si sente che è fresco e di stagione.',5,'Federica A.','2024-09-26',23,22),(210,'Molto buono','Il cuore cremoso è una sorpresa che premia chi arriva in fondo alla coppetta.',4,'Enrico L.','2024-10-03',9,22),(211,'Una cripta di meraviglie','Il mirtillo nero e la liquirizia sono una combinazione audace e perfettamente riuscita. Il cuore cremoso è il tesoro.',5,'Paola G.','2024-10-17',25,22),(212,'Interessante','Un gusto da provare per l esperienza. Non sarà il mio fisso ma vale la scoperta.',3,'Serena N.','2024-10-03',5,22),(213,'La liquirizia è molto presente','Per chi ama la liquirizia è perfetto. Per me è un po troppo dominante sul mirtillo.',3,'Giovanni B.','2024-06-15',7,22),(214,'Originale','Una combinazione che non trovi altrove. La gelateria sa distinguersi.',4,'Emanuele R.','2024-11-22',11,22),(215,'Straordinario','Un gelato che sa raccontare una storia. Oscuro all esterno, sorprendente all interno.',5,'Silvia M.','2024-10-10',19,22),(216,'Consigliato','Per gli amanti dei gusti decisi e non convenzionali è una scelta obbligata.',4,'Chiara V.','2024-10-17',8,22),(217,'Il mio preferito del menu','Da quando ho scoperto questo non ordino altro. Il cuore cremoso che si svela lentamente è impagabile.',5,'Francesco P.','2024-12-10',32,22),(218,'Nella media','Buona granita ma niente di straordinario. Forse il tema vampiri promette qualcosa di più intenso.',3,'Elena G.','2024-08-15',4,23),(219,'Molto buona','La qualità dell arancia rossa si sente immediatamente. Una granita onesta e buonissima.',4,'Paola G.','2024-09-12',9,23),(220,'L alba più bella che esista','L arancia rossa di Sicilia è di una qualità rara. L acqua di rose la rende floreale e speciale.',5,'Veronica M.','2024-06-15',22,23),(221,'Perfetta','L arancia rossa di Sicilia è l ingrediente giusto per una granita di qualità. Qui è usata benissimo.',4,'Davide C.','2024-07-10',11,23),(222,'Fresca e originale','Una granita che profuma di Sicilia. L arancia rossa è di stagione e si sente.',4,'Silvia M.','2024-12-10',14,23),(223,'Troppo floreale','L acqua di rose dà un sapore quasi profumato che non mi convince nel gelato. Questione di gusti.',2,'Federica A.','2024-06-15',3,23),(224,'L acqua di rose è troppo presente','Il floreale dell acqua di rose copre un po l arancia. Preferisco granite più classiche.',3,'Valentina R.','2024-07-10',6,23),(225,'Eccellente','Ogni mattina mi fermo qui per questa granita. È diventato il mio rituale quotidiano.',5,'Claudio V.','2024-07-10',25,23),(226,'La migliore granita all arancia','Ho mangiato granite all arancia in tutta la Sicilia ma questa è ai vertici assoluti.',5,'Chiara V.','2024-12-01',30,23),(227,'Straordinaria','Il colore rosso dell arancia è spettacolare nel bicchiere. Il gusto è all altezza.',5,'Fabio D.','2024-11-15',18,23),(228,'Consigliatissima','Per gli amanti delle granite di qualità questa è una tappa obbligata.',4,'Serena N.','2024-07-10',8,23),(229,'Originale','La frutta del drago è un ingrediente raro nei gelati italiani. Qui è usata con maestria.',4,'Federica A.','2024-11-01',12,24),(230,'Eccellente','Il colore cremisi è spettacolare e il gusto è all altezza. Un gelato da Instagram e da palato.',5,'Serena N.','2024-08-08',23,24),(231,'Interessante','Un gusto da provare per la curiosità. Non sarà il mio fisso ma l esperienza vale.',3,'Claudio V.','2024-10-24',5,24),(232,'Esotico e buono','La frutta del drago nel gelato è una scelta coraggiosa e riuscita. L ibisco aggiunge una nota floreale perfetta.',4,'Anna S.','2024-11-15',17,24),(233,'Consigliato','Per chi ama i gusti esotici e non convenzionali è una scelta obbligata.',4,'Riccardo M.','2024-09-26',9,24),(234,'Il mio gusto speciale preferito tra i vampiri','Un gusto che torna ogni volta che ci penso. Il nome è profetico.',5,'Elena G.','2024-07-03',32,24),(235,'Ci tornerò per sempre','La frutta del drago e l ibisco creano un colore e un gusto che non dimenticherò. Rosso cremisi ipnotico.',5,'Pietro A.','2024-08-01',26,24),(236,'Molto buono','La dolcezza della frutta del drago bilanciata dall acidità dell ibisco è perfetta.',4,'Camilla F.','2024-07-03',10,24),(237,'Magnifico','Un gelato che sa essere moderno senza perdere l artigianalità. Eccellenza assoluta.',5,'Davide C.','2024-09-05',21,24),(238,'Non fa per me','La combinazione frutta del drago e ibisco è troppo esotica per i miei gusti tradizionali.',2,'Andrea N.','2024-09-12',4,24),(239,'Troppo floreale','L ibisco è molto presente e dà un sapore quasi erbaceo. Non è il mio tipo di gelato.',3,'Simone F.','2024-09-05',7,24),(240,'Il prezzo è alto','Il gusto è eccellente ma il prezzo mi sembra eccessivo anche per la qualità offerta.',2,'Davide C.','2024-07-03',6,25),(241,'Noblesse oblige','Il mirtillo selvatico e la violetta sono una combinazione aristocratica e perfetta. Il colore indaco è magnifico.',5,'Chiara V.','2024-11-01',28,25),(242,'Troppo raffinato per me','È buonissimo ma mi sento quasi inadeguato ad apprezzarlo. Forse non sono abbastanza vampiro.',3,'Sara B.','2024-08-15',8,25),(243,'Nella media','Ottima qualità ma per i miei gusti il sapore della violetta è troppo delicato. Preferisco più intensità.',3,'Andrea N.','2024-10-24',5,25),(244,'Indimenticabile','L ho ordinato sentendomi un po snob e mi sono sentito giustificato ad ogni morso. Magnifico.',5,'Elisa P.','2024-08-15',24,25),(245,'Molto buono','Il mirtillo selvatico è di una qualità superiore al mirtillo comune. Si sente la differenza.',4,'Beatrice G.','2024-06-22',11,25),(246,'Eccellente','Il colore indaco è il più bello che abbia mai visto in un gelato. Il gusto è degno del colore.',4,'Alessia T.','2024-10-24',16,25),(247,'Il più elegante del menu','Un gelato che trasuda classe da ogni poro. La violetta aggiunge una nota floreale nobilissima.',4,'Stefano P.','2024-12-10',19,25),(248,'Straordinario','La violetta è un ingrediente che non si trova facilmente. Qui è usata con rispetto e maestria.',5,'Laura C.','2024-12-10',22,25);
/*!40000 ALTER TABLE `reviews` ENABLE KEYS */;
UNLOCK TABLES;
SET @@SESSION.SQL_LOG_BIN = @MYSQLDUMP_TEMP_LOG_BIN;
/*!40103 SET TIME_ZONE=@OLD_TIME_ZONE */;

/*!40101 SET SQL_MODE=@OLD_SQL_MODE */;
/*!40014 SET FOREIGN_KEY_CHECKS=@OLD_FOREIGN_KEY_CHECKS */;
/*!40014 SET UNIQUE_CHECKS=@OLD_UNIQUE_CHECKS */;
/*!40101 SET CHARACTER_SET_CLIENT=@OLD_CHARACTER_SET_CLIENT */;
/*!40101 SET CHARACTER_SET_RESULTS=@OLD_CHARACTER_SET_RESULTS */;
/*!40101 SET COLLATION_CONNECTION=@OLD_COLLATION_CONNECTION */;
/*!40111 SET SQL_NOTES=@OLD_SQL_NOTES */;

-- Dump completed on 2026-06-10 18:28:39
